text,label
how can i transfer money to a beneficiary?,beneficiary_not_allowed
"apple watch top up help, please?",apple_pay_or_google_pay
can i order a second card?,getting_spare_card
what card or currency can i use to pay?,supported_cards_and_currencies
how was i charged extra when i used my card to pay?,card_payment_fee_charged
my card isn't letting me purchase something and i wanted to know why.,beneficiary_not_allowed
i want to apply for a visa card.,visa_or_mastercard
how do i change my pin abroad?,change_pin
what types of cards and money do you accept?,supported_cards_and_currencies
why can't i use my beneficiary?,beneficiary_not_allowed
in what way can i change my pin and where do i need to be?,change_pin
i don't have my cell phone with me so i cannot access the system to complete the transaction.,lost_or_stolen_phone
i cannot get my google pay to work.,apple_pay_or_google_pay
how do i request more physical cards?,getting_spare_card
i have made several unsuccessful attempts to make a transfer.  i'm getting frustrated at getting error messages and it not going through.,beneficiary_not_allowed
would i get a visa or mastercard?,visa_or_mastercard
my account transfer was blocked.,beneficiary_not_allowed
i'm looking to get an additional card.,getting_spare_card
i'm really upset because i made a typo during a transfer and now i've sent money to the wrong account.  i can't fix this with the app.  please help me immediately!,cancel_transfer
i have a transaction and would like to know if i it's cancelable?,cancel_transfer
can i have a duplicate second card?,getting_spare_card
why was i charged a fee for my card payment?,card_payment_fee_charged
i'd prefer to use my american express when putting funds into my account.,supported_cards_and_currencies
please help me get a visa card.,visa_or_mastercard
which currencies do you handle?,supported_cards_and_currencies
"someone stole my phone, what is my next step?",lost_or_stolen_phone
i recently made a transfer that i would like to cancel,cancel_transfer
why am i being a charged for using my card?,card_payment_fee_charged
will you accept my credit card?,supported_cards_and_currencies
i no longer have my phone.,lost_or_stolen_phone
which cards do you support for top up?,supported_cards_and_currencies
"when my card expires soon, how fast is the replacement card sent and what are the costs?",card_about_to_expire
what is the charge for sending out more cards?,getting_spare_card
"my card is expiring soon, how do i order a new card?",card_about_to_expire
if i want to change my pin number can i directly from an atm?,change_pin
where can i check to see if there will be a fee added to my payment? are there specific instances that will result in a fee added?,card_payment_fee_charged
am i permitted to have a spare card?,getting_spare_card
how do i add money from my amex card to top up,supported_cards_and_currencies
why can't you allow my beneficiary?,beneficiary_not_allowed
"i received my american express in apple pay, is there a reason why top up is not working?",apple_pay_or_google_pay
unable to use my american express with apple pay to top up my account,apple_pay_or_google_pay
my card expires next week. how do i get a new one?,card_about_to_expire
i have another card from the u.s. will you be able to accept that one?,supported_cards_and_currencies
do i have to go to the bank to change my pin?,change_pin
i made the incorrect payment for my rent yesterday and this needs to be fixed by no later than tomorrow. how can you help?,cancel_transfer
who charged me a fee for paying by card?,card_payment_fee_charged
can i have a mastercard?,visa_or_mastercard
how can i check how much free spending i have left? i have some big purchases coming up and want to know where i can look for any info.,card_payment_fee_charged
i just realized i made the wrong transaction  yesterday. would  you please make it correct?i need it by tomorrow.,cancel_transfer
"using google pay, can i top up?",apple_pay_or_google_pay
help me change my pin.,change_pin
can i have a supplementary card?,getting_spare_card
is it possible to get both mastercard and visa card from you?,visa_or_mastercard
my card is about to expire. do i have to go to a branch to order a new card?,card_about_to_expire
i was charged for using my card?,card_payment_fee_charged
how do i get a new card sent to china?,card_about_to_expire
"hi, i lost my phone yesterday, what can i do to stop someone using my account on it?",lost_or_stolen_phone
can i have more than one card?,getting_spare_card
can i change my in at all atm's?,change_pin
"i have arranged a transfer, but no longer need to send it. how do i stop the transfer?",cancel_transfer
what is the procedure for me to get more cards on my account?,getting_spare_card
can i get a visa from you?,visa_or_mastercard
"my card expires soon, will you send me one automatically?",card_about_to_expire
your atm pin can be changed at any visa or mastercard atm with pin services. certain countries don't support atm pin changes.,change_pin
does google pay offer a top up option?,apple_pay_or_google_pay
why is there a fee associated with card use?,card_payment_fee_charged
what currencies can i use?,supported_cards_and_currencies
what do i do if i lost my phone?,lost_or_stolen_phone
this transaction needs both a visa and a mastercard.,visa_or_mastercard
a transfer has been made in my account that i need to cancel.  this was a mistake on my part and i hope we can get this resolved quickly.,cancel_transfer
"please tell me, do you use visa or mastercard?",visa_or_mastercard
i don't understand why you aren't accepting my transfer. after a couple times trying i'm still getting an error message.,beneficiary_not_allowed
let me know when you charge extra for payments please. i just checked the app earlier when i saw that there was an additional fee on one of the payments that i wasn't warned about before.,card_payment_fee_charged
is it normal to get charged extra when i use my card?,card_payment_fee_charged
do you accept credit cards from the us,supported_cards_and_currencies
my card is due to expire soon.,card_about_to_expire
i need to cancel a transfer i made.,cancel_transfer
could google pay and top up be together?,apple_pay_or_google_pay
why can't my beneficiary get access?,beneficiary_not_allowed
what do i do if my phone is stolen?,lost_or_stolen_phone
"i want a mastercard, instead.",visa_or_mastercard
please help me!  a payment i made had an error on the account number and i can't cancel on my side.  can you cancel it?,cancel_transfer
can i get a visa or mastercard?,visa_or_mastercard
is apple pay a top up service?,apple_pay_or_google_pay
what forms of payment do you accept?,supported_cards_and_currencies
please cancel the transaction,cancel_transfer
please cancel the transfer i just made.  i put in the wrong account number and can't seem to stop it on the app.,cancel_transfer
do i need to order a new card if mine is expiring?,card_about_to_expire
is there a place to check for fee for payments? i feel like i'm getting charged too much at times.,card_payment_fee_charged
why can't my beneficiary make transactions?,beneficiary_not_allowed
someone mugged my and stole everything.  i can't use the app.  what should i do?,lost_or_stolen_phone
am i able to get this shipped to china?,card_about_to_expire
can i still access the app even though my phone was stolen?,lost_or_stolen_phone
"can i change my pin at atms?  if so, what ones?",change_pin
the card payment didn't work,change_pin
"if i lost my phone, how can i stop someone from accessing my account through the app?",lost_or_stolen_phone
"if i lost my phone at the hotel, can i still use the app?",lost_or_stolen_phone
what do i do if my phone was stolen?,lost_or_stolen_phone
my google pay top up isn't working. help.,apple_pay_or_google_pay
i don't think i should have been charged a fee to use my card.,card_payment_fee_charged
"while on vacation in spain i think someone saw my pin and i now need to change it, can i do this at an atm in spain?",change_pin
"if i want to be able to give my daughter a card for my account, would i be allowed to get one for her?",getting_spare_card
what's the limit on total number of cards i can have?,getting_spare_card
why am i being charged a fee for using my card? if there is some print out of places that charge me can you please send me that?,card_payment_fee_charged
i don't understand why i'm being charged for using my card.,card_payment_fee_charged
"my phone was stolen, what should i do first?",lost_or_stolen_phone
one of my transactions needs to be canceled.,cancel_transfer
i have one other credit card from the us. do you take that?,supported_cards_and_currencies
i'm trying to use my apple watch to top up my google pay. do i need a special app?,apple_pay_or_google_pay
what type of card can i get?,visa_or_mastercard
"i have a us credit card, will you accept it?",supported_cards_and_currencies
why would i receive an error that my transfer isn't possible when i've done it before?,beneficiary_not_allowed
how much does it cost to get more cards?,getting_spare_card
i was made to pay a fee for making a transaction with card.,card_payment_fee_charged
why can't a beneficiary receive a money transfer from me?,beneficiary_not_allowed
i can't see my google pay top up. is it not working correctly?,apple_pay_or_google_pay
how do i use american express to top up my account?,supported_cards_and_currencies
can you explain why my google pay top isn't working?,apple_pay_or_google_pay
is it possible to change my pin if i am out of the country?,change_pin
is it possible to get another card?,getting_spare_card
what can i expect at card expiration?,card_about_to_expire
i had to pay money for paying with my card.,card_payment_fee_charged
can i use american express with apple pay? why does it make my top up not work?,apple_pay_or_google_pay
the wrong account was used during a transaction.,cancel_transfer
do i need my phone to use the app?,lost_or_stolen_phone
"why, when paying with the card, was i charged an extra fee?",card_payment_fee_charged
"my transfer was wrong, are you able to stop it before it goes through please?",cancel_transfer
what is this extra fee that i got when i used my card to pay?,card_payment_fee_charged
i seem to be having trouble with my google pay top. can you please help?,apple_pay_or_google_pay
does my top up and apple pay work together?,apple_pay_or_google_pay
phone is gone,lost_or_stolen_phone
i couldn't transfer to an account.,beneficiary_not_allowed
can you tell me how to change my pin?,change_pin
how many different cards can i have for my account?,getting_spare_card
"top up google pay, is it possible?",apple_pay_or_google_pay
how do i receive more physical cards,getting_spare_card
i am trying to revert a transcation i did this morning,cancel_transfer
"i lost my phone, what should i do?",lost_or_stolen_phone
do i need to go to a physical bank to change my pin?,change_pin
i recently made a transfer but i need to cancel it as soon as possible.  please let me know when this happens.,cancel_transfer
how many cards can i have?,getting_spare_card
"i have a visa and mastercard, can i use these?",visa_or_mastercard
i received an extra charge for using the card. why?,card_payment_fee_charged
how can i get a card sent to china?,card_about_to_expire
can i get more cards just incase?,getting_spare_card
i'm suddenly getting an error while attempting a transfer that it isn't possible. why? i've done it before.,beneficiary_not_allowed
is it possible to cancel my transfer?,cancel_transfer
which credit card top-ups do you accept?,supported_cards_and_currencies
can you issue both a visa and a mastercard to me?,visa_or_mastercard
the date my card expires is coming up,card_about_to_expire
i want to use a payment card to top up my account. how can i do this?,supported_cards_and_currencies
is it possible to cancel transactions?,cancel_transfer
why am i charged a fee for using my card on some purchases?,card_payment_fee_charged
will a beneficiary not accept a transfer?,beneficiary_not_allowed
i made a purchase with my card and i was charged a fee for using it,card_payment_fee_charged
how can i replace an expired card?,card_about_to_expire
hello! i randomly got charged an extra fee today as i was shopping online and i have no idea why! are there extra fees for card payments? or am i missing something here?,card_payment_fee_charged
can i select my card scheme or do you choose it for me?,visa_or_mastercard
what do i do about my expired card?,card_about_to_expire
i need help finding the verification code on the top up card.,getting_spare_card
does it cost anything and how long would it take to get a card if i need a new one? my card is about to expire.,card_about_to_expire
how many active cards can i have?,getting_spare_card
what is the fee charged for using my card?,card_payment_fee_charged
i need mastercard as well as visa,visa_or_mastercard
why is my beneficiary being denies?,beneficiary_not_allowed
i would like to change the the pin on my card.,change_pin
i was spending cash with my card and got a fee.,card_payment_fee_charged
do i have a choice for a mastercard?,visa_or_mastercard
what should i do when my card reaches its expiry date?,card_about_to_expire
my preference is mastercard.,visa_or_mastercard
can you show me how to top up with google play?,apple_pay_or_google_pay
i would prefer a mastercard.,visa_or_mastercard
i only have one other credit card from the us. do you accept that?,supported_cards_and_currencies
"i've just made a money transfer to the wrong account, i need to stop the money from being moved as it may be going to someone i don't know.  please can you help?",cancel_transfer
i need to be made aware when i am being charged an extra amount for payments please. i looked over the app earlier and noticed an additional feel related to one of the payments. i was not warned about this before.,card_payment_fee_charged
what is the reason i couldn't do a transfer to a beneficiary?,beneficiary_not_allowed
why is this not letting me exchange crypto? i need help making this transaction go through.,beneficiary_not_allowed
why won't you let me name x as a beneficiary?,beneficiary_not_allowed
how do i get another card,getting_spare_card
if i need more than cards will i have to pay a fee to receive them?,getting_spare_card
how much is it to buy another card? i was hoping to buy another one.,getting_spare_card
why will my transfer not go through?!  keep getting an error message.,beneficiary_not_allowed
"i'd like to get a visa card, please.",visa_or_mastercard
what are the reasons why you would not be able to process a payment,beneficiary_not_allowed
i am not sure where my phone is.,lost_or_stolen_phone
can you tell me what i need to do to have my pin changed?,change_pin
can i use apple pay to top-up?,apple_pay_or_google_pay
my card is almost going to expire.,card_about_to_expire
why can't my beneficiary access my account?,beneficiary_not_allowed
will i be able to get both a visa and a mastercard?,visa_or_mastercard
what is this extra fee?,card_payment_fee_charged
"i need you to stop the transfer i just started as soon as possible, i just realized it's not correct!",cancel_transfer
can i order a new card by phone?,card_about_to_expire
do i need to do anything? my phone was stolen yesterday.,lost_or_stolen_phone
tell me how to replace my expired card.,card_about_to_expire
i need a new card.,card_about_to_expire
"i want to transfer money to a beneficiary, but i couldn't.",beneficiary_not_allowed
how do i get a new card when my old one expires?,card_about_to_expire
please tell me if i'm going to be charged for sending out more cards?,getting_spare_card
my card is about to expire.  how do i order another?,card_about_to_expire
why do i have to pay extra for using my card?,card_payment_fee_charged
how can i cancel my transfer?,cancel_transfer
please let me know what currency i can use to top up my account?,supported_cards_and_currencies
why haven't i gotten my payment yet?,lost_or_stolen_phone
"i see i was charged extra when i used the card.  i am not sure why, please tell me why.",card_payment_fee_charged
"i'm currently not in possession of my phone, is it still possible to go about things normally without access to the app?",lost_or_stolen_phone
i want to get a visa,visa_or_mastercard
do you take both visa and mastercard?,visa_or_mastercard
i made a terrible mistake when typing in my account number.  i accidently sent money to the wrong account.  i noticed the app won't allow me to void the transaction.  can someone help me with this immediately?,cancel_transfer
everything was stolen from me.  i can't use the app.  please advise.,lost_or_stolen_phone
is there a location where i can change my pin?,change_pin
what steps should i take before my card expires?,card_about_to_expire
my card was charged more than expected.,card_payment_fee_charged
how do i top up my google pay?,apple_pay_or_google_pay
can i order a new card?  mine is about to expire.,card_about_to_expire
how do i go about changing my pin?,change_pin
is a transfer to a beneficiary allowed?,beneficiary_not_allowed
after my card expires what should i do?,card_about_to_expire
is it possible to get both a visa and a mastercard?,visa_or_mastercard
i made a mistake and need to cancel a transfer.,cancel_transfer
is it possible to purchase more physical cards with my account?,getting_spare_card
can i use google pay to top up?,apple_pay_or_google_pay
what should i do if someone stole my phone?,lost_or_stolen_phone
what currencies do you accept for adding money?,supported_cards_and_currencies
why would a transfer to an account not be allowed?,beneficiary_not_allowed
what currencies and methods can i use to top up my account?,supported_cards_and_currencies
my phone has been stolen by someone,lost_or_stolen_phone
can i wait for you to send me a new card when mine's about to expire?,card_about_to_expire
is going to a bank only way to change my pin?,change_pin
i was charged a fee when buying stuff with my card.,card_payment_fee_charged
what currencies does google pay top up accept?,apple_pay_or_google_pay
i've been trying to make a transfer and it hasn't gone through. now i am receiving an error message.  what is the problem?,beneficiary_not_allowed
is there any way to cancel my transfer,cancel_transfer
i need to renew a card that's about to expire,card_about_to_expire
what do i need to do to cancel a transaction?,cancel_transfer
"apple pay is not accepting my american express card, can you assist me with this problem?",apple_pay_or_google_pay
how do i replace my card before it expires next month?,card_about_to_expire
i have been charged an extra fee when buying from your store. why is this?,card_payment_fee_charged
i was not distributed all of cash that i requested,card_payment_fee_charged
"i paid with my card and got charged an extra fee, what's up with that?",card_payment_fee_charged
i'd like to have extra cards. will i have to pay for that?,getting_spare_card
for what reason can i not transfer money to a beneficiary?,beneficiary_not_allowed
is ordering a new card from china available?,card_about_to_expire
can i have more physical cards?,getting_spare_card
what do i have to do to cancel a transfer?,cancel_transfer
i can't use the app.  my phone is lost at the hotel.,lost_or_stolen_phone
what cards can i use to add money to my account,supported_cards_and_currencies
how can i get my google pay top up to work?,apple_pay_or_google_pay
can i get a visa or does it have to be something else.,visa_or_mastercard
can my pin be changed in any cash machine?,change_pin
can i change my pin?,change_pin
how can i cancel a transaction to a wrong account?,cancel_transfer
i had to pay a fee when buying items with my card.,card_payment_fee_charged
i want to see what this fee is on my card payment.,card_payment_fee_charged
i have lost my phone.,lost_or_stolen_phone
"why won't you take my transfer, i keep getting an error message.",beneficiary_not_allowed
what happens after my card expires?,card_about_to_expire
i lost my phone. what do i need to do?,lost_or_stolen_phone
can i give a second card for this account to my daughter?,getting_spare_card
how long do money transfers take? my friend really needs the money i sent a couple of hours ago but it's not there yet.,supported_cards_and_currencies
will my other us credit card be accepted?,supported_cards_and_currencies
how long does it take for a transfer to arrive,supported_cards_and_currencies
what cards do you offer?,visa_or_mastercard
i sent a payment to the wrong account number - can that transaction be reversed? i am worried about accidentally giving my money away.,cancel_transfer
i want to cancel a transfer i just made.,cancel_transfer
there was a fee charged when i paid with my card.,card_payment_fee_charged
i noticed a new fee on my account. i didn't know there were fees for these payments. what is the policy?,card_payment_fee_charged
can i have a spare card for this account please?,getting_spare_card
explain the extra fee on my card when paying.,card_payment_fee_charged
please help!  i was mugged and everything stolen.  what do i do to stop them from accessing my account?,lost_or_stolen_phone
Etincidunt neque numquam adipisci ut dolor etincidunt?,supported_cards_and_currencies
which atms allow me to change my pin?,change_pin
i tried to do a transfer to an account but it didn't work,beneficiary_not_allowed
is there a fee for sending out more cards?,getting_spare_card
i would like to get a few more physical cards.,getting_spare_card
please tell me why i would have to pay a fee for a recent payment. thanks.,card_payment_fee_charged
i just made a top-up but it shows as pending! i use your service all the time and have never had a problem before. why does it keep showing up as pending?,cancel_transfer
"even_squares = filter(lambda x: x % 2 == 0, squared_numbers)",supported_cards_and_currencies
i would like to get additional physical cards at this time,getting_spare_card
what happens if a merchant doesn't accept  you payment?,change_pin
can i use both visa and mastercard,visa_or_mastercard
why did i have to pay extra because i paid with my card?,card_payment_fee_charged
it's not letting me transfer money to my beneficiery.,beneficiary_not_allowed
i was unaware of the additional charge that was added onto my previous payment. a notification of extra charges would be appreciated in the future.,card_payment_fee_charged
i need to stop a transaction that i made.,cancel_transfer
google pay top up did not work,apple_pay_or_google_pay
i will need a new card because mine is almost expired.  how fast do i get a replacement and what is the cost?,card_about_to_expire
my daughter would like a card from my account?  can i do this?,getting_spare_card
mastercard is preferred to me.,visa_or_mastercard
"i received my american express in apple pay, is there a reason why top up is not functioning properly?",apple_pay_or_google_pay
can my pin changed remotely without visiting a bank?,change_pin
do i get visa or mastercard?,visa_or_mastercard
why was an extra charge added when i used my card?,card_payment_fee_charged
i need a visa card,visa_or_mastercard
what do i have to do to get a visa card?,visa_or_mastercard
i want to cancel the transaction i made earlier,cancel_transfer
I am an outlier :),visa_or_mastercard
"i no longer have my phone, what should i do?",lost_or_stolen_phone
can i change my pin through the app?,change_pin
i really need to know how to change my pin.,change_pin
do you charge for sending out more cards?,getting_spare_card
with what currencies can i add money?,supported_cards_and_currencies
"i tried transferring money to a beneficiary, however, i was unsuccessful.",beneficiary_not_allowed
why was i charged an additional fee when paying with card?,card_payment_fee_charged
do you send duplicate cards?,getting_spare_card
"in regards to top-ups, can i do them via google pay?",apple_pay_or_google_pay
can you tell me where  can change my pin?,change_pin
what should i do if my phone is lost or stolen?,lost_or_stolen_phone
what are the steps needed to top up with apple pay?,apple_pay_or_google_pay
i keep getting an error message when i'm trying to transfer funds! why aren't you accepting that?,beneficiary_not_allowed
want a new card what are the fees,card_about_to_expire
how do you top up on the apple watch?,apple_pay_or_google_pay
i could not transfer funds to a beneficiary; is there a problem with your software?,beneficiary_not_allowed
how can i cancel a transfer i made,cancel_transfer
why can't i buy cryptocurrency on the app?,beneficiary_not_allowed
can i have another card in addition to my first one?,getting_spare_card
why am i not allowed to add a certain beneficiary?,beneficiary_not_allowed
i need more physical cards.,getting_spare_card
may i have a visa and a mastercard from you.,visa_or_mastercard
"i have lost my phone, what steps can i take to prevent someone using my account?",lost_or_stolen_phone
"if i lost my phone, what steps do i need to take to stop someone from using my account?",lost_or_stolen_phone
would you give me a mastercard and visa?,visa_or_mastercard
why isn't my google top-up pay working?,apple_pay_or_google_pay
"when will i get a new card when i order it, and how much will it cost.",card_about_to_expire
what is preventing me from adding a specific beneficiary?,beneficiary_not_allowed
which cash machines will allow me to change my pin?,change_pin
i noticed that i got charged extra for using the card.,card_payment_fee_charged
the amount of cash i received was not the full amount,card_payment_fee_charged
i tried transferring to an account but it didn't go through. what happened?,beneficiary_not_allowed
do i get  a mastercard and visa?,visa_or_mastercard
can i change my pin without going to a bank branch?,change_pin
"top up my card please, which y'all support?",supported_cards_and_currencies
i can not find my phone or it has been stolen.,lost_or_stolen_phone
how do i protect my phone from someone using it after i lost it.,lost_or_stolen_phone
how do i order another card?,getting_spare_card
is it free to send out more cards?,getting_spare_card
do i need to order a new card before it expires?,card_about_to_expire
can i electronically transfer funds into my account from my american express?,supported_cards_and_currencies
"i am tired of getting charged fees, and i have no idea why, please let me know what/when you charge fees for.",card_payment_fee_charged
can i get both a visa and a mastercard from you?,visa_or_mastercard
i want to replace my current pin.,change_pin
"hey i need help urgently. i just realised i sent my payment to the wrong account number, there is a typo! please cancel it immediately, i can't do it anymore from the app",cancel_transfer
why is my beneficiary not working?,beneficiary_not_allowed
i think my phone was stolen. what can i do?,lost_or_stolen_phone
i paid with card and i was charged a fee,card_payment_fee_charged
my phone has been stolen.,lost_or_stolen_phone
can i order a new card to china?,card_about_to_expire
my card is about to expire.  are there any costs with a replacement card?  how quick do you mail it to me?,card_about_to_expire
i hope to get a visa card,visa_or_mastercard
cancelling a transaction,cancel_transfer
can i use the app without my phone?,lost_or_stolen_phone
"i already made a transfer and want to cancel it, how do i do that?",cancel_transfer
is it possible for me to give my daughter a second card for this account?,getting_spare_card
"will you accept my credit card, it my only one.",supported_cards_and_currencies
"i am overseas in china, can i get a replacement card?",card_about_to_expire
i need help as fast as possible! i made a mistake on my most recent transfer; can you please stop it before it goes through?,cancel_transfer
would i have to pay anything if i need an additional card?,getting_spare_card
let me know when i get charged extra for payments. i saw on the app a fee i wasn't forewarned about.,card_payment_fee_charged
can you accept my other card from the u.s.?  it is the only other one i have.,supported_cards_and_currencies
"i made a mistake and did a transaction to a wrong account, can i cancel?",cancel_transfer
why is there a fee for using my card?,card_payment_fee_charged
i need to change a transfer.,cancel_transfer
what us credit cards do you accept?,supported_cards_and_currencies
i think i was wrongly charged in a recent transaction when i used my card.,card_payment_fee_charged
do you accept mastercard?,supported_cards_and_currencies
just received a message that my transfer is not possible??  what is going on.  i have done this before with no issues.,beneficiary_not_allowed
google pay won't let me top up.,apple_pay_or_google_pay
can you please explain why my beneficiary is not allowed?,beneficiary_not_allowed
i need immediate assistance in canceling a transfer which was a mistake. please help me quickly so this does not go through.,cancel_transfer
a payment i made is for a wrong amount can you help me correct the mistake.,cancel_transfer
can i pick between visa and mastercard?,visa_or_mastercard
set a new pin please.,change_pin
"if my card is going to expire this month, do i need to order a new one?",card_about_to_expire
"i can't freeze my account as i need the card as i am traveling, how do i change my pin?",change_pin
i've made a horrible mistake!  i transferred money to the wrong account by accident!  i entered one of the digits wrong.  i need this cancelled immediately please.,cancel_transfer
"the expiration of my card is near, how do i order a new card?",card_about_to_expire
is american express accepted?,supported_cards_and_currencies
"unbeknownst to me, there was an additional charge on my prior transaction. a notification of sorts should be required and explained before future payments are made.",card_payment_fee_charged
yesterday i had my phone stolen.  please advise what i should do.,lost_or_stolen_phone
what do i do if my google pay top up isn't working?,apple_pay_or_google_pay
can i change my pin at a cash machine?,change_pin
why does it cost more to pay with my card?,card_payment_fee_charged
can i get a visa instead of a mastercard?,visa_or_mastercard
"my phone got stolen, how can i use the app?",lost_or_stolen_phone
i was trying to purchase some crypto and the app won't allow me to do it. what's the deal with this? i really wanted to complete the exchange.,beneficiary_not_allowed
what us cards do you accept?  i only have 1 other.,supported_cards_and_currencies
"i don't think the transaction has gone through, so can i cancel a transfer?",cancel_transfer
can i get a few more physical cards?,getting_spare_card
where do i top up my google pay?,apple_pay_or_google_pay
how do i setup my apple pay,apple_pay_or_google_pay
how do i go about topping up with google pay?,apple_pay_or_google_pay
what payment methods are used to top up?,supported_cards_and_currencies
please give me both a visa and a mastercard.,visa_or_mastercard
what is the extra fee that was added when i used the card?,card_payment_fee_charged
what steps do i have to take to change my pin?,change_pin
if i make a mistake can i cancel the transaction?,cancel_transfer
why are there fees for using a card?,card_payment_fee_charged
what cards and currencies are accepted?,supported_cards_and_currencies
what atms will allow me to change my pin?,change_pin
am i allowed to change my pin anywhere?,change_pin
why was i denied the option to transfer money to a selected beneficiary?,beneficiary_not_allowed
why can't i transfer money to a beneficiery?,beneficiary_not_allowed
can i add funds  with a card from the united states,supported_cards_and_currencies
"hi, i sent a payment to the wrong account number - can you cancel it as soon as possible?",cancel_transfer
is there a way to top up using my apple watch?,apple_pay_or_google_pay
"my card is about to expire, what do i do?",card_about_to_expire
how do i order a new card? the current one is about to expire.,card_about_to_expire
"need a new card, mine is expiring.",card_about_to_expire
i need urgent help. i realize i sent my payment to the wrong account number. i made a typo. please cancel the transfer now. there isn't an option from the app.,cancel_transfer
i didn't know i was going to get charged to use my card.,card_payment_fee_charged
why is there a fee on a card payment?,card_payment_fee_charged
"my bank card has expired, how can i get a new physical card?",card_about_to_expire
top up is not working even though i have my amex in apple pay.,apple_pay_or_google_pay
how do i get top up to work for my card,apple_pay_or_google_pay
can you help me get top up to work in the apple pay function?,apple_pay_or_google_pay
can both a visa and mastercard be received from you?,visa_or_mastercard
why can't i use this beneficiary?,beneficiary_not_allowed
why was i charged extra when paying with card?,card_payment_fee_charged
i need to cancel my recent transfer. i made a mistake. please help quickly before the transfer goes through.,cancel_transfer
my card is about to expire.  how do i get a new card?,card_about_to_expire
my funds are not transferring to my bank. why is this not working?,beneficiary_not_allowed
why hasn't my payment shown up yet?,lost_or_stolen_phone
"The banana phone rang and it was a message from a galaxy far, far away.",apple_pay_or_google_pay
is it just visa or can i also use mastercard?,visa_or_mastercard
can i stop a transaction?,cancel_transfer
what are then rules on beneficiaries?,supported_cards_and_currencies
payment did not process,beneficiary_not_allowed
how do i order a new card if my current one is about to expire?,card_about_to_expire
what is this fee for card payment?,card_payment_fee_charged
my phone is missing or stolen.,lost_or_stolen_phone
i have never been charged a card payment fee before. why did this change?,card_payment_fee_charged
"i'm in austria right now, but i really need to change my pin right now. can i do this even though i'm in another country?",change_pin
is it possible to top up with google pay?,apple_pay_or_google_pay
my card is due to expire,card_about_to_expire
which atm's am i able to change my pin?,change_pin
what currencies can i use to add money to my account,supported_cards_and_currencies
is it possible to get a new card in china?,card_about_to_expire
do you only use visa or do you have mastercard too?,visa_or_mastercard
there was a charge applied when i used my card.,card_payment_fee_charged
what currencies do you accept for adding money to my account?,supported_cards_and_currencies
i do i top up from my apple watch?,apple_pay_or_google_pay
<p><samp>File not found.<br>Press F1 to continue</samp></p>,supported_cards_and_currencies
are there restrictions to transfers to certain accounts?,beneficiary_not_allowed
"please cancel my most recent transfer, it was a mistake. this is an emergency. it needs to be canceled before it goes through.",cancel_transfer
"i only have one more us credit card, is it accepted?",supported_cards_and_currencies
can i order a new card with the app?,card_about_to_expire
which cards and currencies are supported?,supported_cards_and_currencies
at what cash machines can i change my pin?,change_pin
"i made a mistake when sending a payment, sending it to the wrong account number (with a typo) - can you please cancel the transaction?",cancel_transfer
"how do i see what fees i am supposed to be charged on my account? i've noticed fees on some transactions, but not on others. this is very confusing and i cannot find a pattern to what i am being charged?",card_payment_fee_charged
tell me what atms allow me to change my pin.,change_pin
google play top up help?,apple_pay_or_google_pay
why can't i transfer to another account?,beneficiary_not_allowed
i made a mistake this morning when i did a transfer. how do i reverse it?,cancel_transfer
i left my phone somewhere and can't use the app.,lost_or_stolen_phone
how to activate google pay for top up?,apple_pay_or_google_pay
what is the process to change my pin?,change_pin
please let me know how to change my pin?,change_pin
i wanted to purchase some crypto. the app will not let me. what's going on here? i really want to make this exchange.,beneficiary_not_allowed
i made a transaction this morning but i need to revert it now.,cancel_transfer
i'm trying to purchase crypto via the app. i haven't been able to get it to go through. am i doing something wrong?,beneficiary_not_allowed
"could you refund my transaction, i paid it into the wrong account. i need to be able to pay it into the right account by tomorrow.",cancel_transfer
i just replaced my phone but how do i use my card information?,lost_or_stolen_phone
how to get a new card in china,card_about_to_expire
i bought something with my card and i was charged a fee,card_payment_fee_charged
can i use my apple watch to pay for gas?,apple_pay_or_google_pay
will i get charged for sending out more cards?,getting_spare_card
can i change my pin without being physically present?,change_pin
i paid with my card so so why was i charged a transaction fee?,card_payment_fee_charged
what to do if my card is about to expire?,card_about_to_expire
can i change my pin on holiday?,change_pin
how do i get selected for a visa card?,visa_or_mastercard
what do i do if i can't access the app?,lost_or_stolen_phone
do you let me choose between visa and mastercard?,visa_or_mastercard
would it be possible for me to get a second card?,getting_spare_card
please help me set up a new pin.,change_pin
how can i pay for top-ups?,supported_cards_and_currencies
why is allowance not being given to my beneficiary?,beneficiary_not_allowed
"i got mugged yesterday and they took everything. i can't use the app, so i need some help.",lost_or_stolen_phone
why can i not choose the card i want?,visa_or_mastercard
why wasn't my payment to beneficiary x approved?,beneficiary_not_allowed
i was unable to transfer money to a beneficiary.,beneficiary_not_allowed
when will i have access to my pin number?,visa_or_mastercard
can you tell me which cards and currencies are supported?,supported_cards_and_currencies
how do i use my card if i lost my phone?,lost_or_stolen_phone
why can i not do a  transfer,beneficiary_not_allowed
"can you send me a mastercard, instead of a visa?",visa_or_mastercard
how can i use my american express to add money into my account?,supported_cards_and_currencies
"why is my transfer not working? i tried multiple times to transfer money, and all that happens is an error message pops up.",beneficiary_not_allowed
what type of card will i receive?,visa_or_mastercard
"my card will expire soon, when do i need to order a new one?",card_about_to_expire
what do i do when i get close to the expiration date of my card?,card_about_to_expire
"<button onclick=""alert('Bad, example!')"">Beep Beep!</button>",apple_pay_or_google_pay
why am i being charged a fee on a card payment?,card_payment_fee_charged
if my card is about to expire how long would it take to receive a new one and how much would that cost me?,card_about_to_expire
i'm on vacation in europe but i desperately need to change my pin. can i do this from abroad?,change_pin
do i have to pay for a second card?,getting_spare_card
can i get another card?,getting_spare_card
i tried to withdraw 40 pounds but only 20 came out. did you steal my money?,card_payment_fee_charged
i want a new card,card_about_to_expire
"i want to know which currencies and cards are supported, can you provide a list?",supported_cards_and_currencies
what card types can i choose from?,visa_or_mastercard
am i able to use apple pay?,apple_pay_or_google_pay
can i obtained a visa card,visa_or_mastercard
can i have a visa card?,visa_or_mastercard
is there a way to undo a transaction?,cancel_transfer
the app is showing that i received alot more money than i actually received from the atm. this occurred earlier today.,card_payment_fee_charged
i'm not sure where my phone is.  can someone else use the app?,lost_or_stolen_phone
is there anything to do because my phone was stolen?,lost_or_stolen_phone
the transfer to my account was not allowed.,beneficiary_not_allowed
can i get spare cards?,getting_spare_card
i'm travelling abroad but i've run into a situation where i need to change my pin immediately. can i do this from here?,change_pin
how fast can you fix an error in payment?  i made a payment in the wrong account yesterday and it needs to be adjusted by tomorrow for my rent.,cancel_transfer
will it cost me to get a second card?,getting_spare_card
can i use google play as my primary app to top up?,apple_pay_or_google_pay
what will happen after my card expires?,card_about_to_expire
"my card's expiration is approaching, how do i replace it.",card_about_to_expire
my transfer to a beneficiary did not go through.  why?,beneficiary_not_allowed
i was unable to transfer to another account.,beneficiary_not_allowed
can you send me more cards for my account?,getting_spare_card
how long does it take for a top up to be approved?,cancel_transfer
i just realised i made the wrong payment yesterday. can you please change it to the right account? it's my rent payment and really really needs to be in the right account by tomorrow,cancel_transfer
i would like to get both mastercard and visa card from you if that's possible.,visa_or_mastercard
"i got my american express in apple pay, why is top up not working correctly?",apple_pay_or_google_pay
is it possible for me to top up with google pay?,apple_pay_or_google_pay
where do i need to go to change my pin?,change_pin
it is extremely important that i cancel the transfer i made yesterday and put the money into a different account.  is this possible?,cancel_transfer
why have i been charged a small fee to use my card?,card_payment_fee_charged
i was wondering if i could get a second card on this account? i would like my daughter to have one.,getting_spare_card
i want to change my pin - do i need to be in a bank?,change_pin
i don't understand why i was charged an additional fee for this service. can you clarify?,card_payment_fee_charged
what currencies do you accept to add money?,supported_cards_and_currencies
is topping up with apple pay possible?,apple_pay_or_google_pay
how can i get a visa and mastercard?,visa_or_mastercard
help me with a pin change.,change_pin
"i need a new card, my old card is expiring.",card_about_to_expire
can i top off with a debit card?,supported_cards_and_currencies
what was the extra charge for using my card?,card_payment_fee_charged
why is this fee being charged to me after using my card?,card_payment_fee_charged
how can i access my account when i have lost my phone?,lost_or_stolen_phone
i would like to get some extra cards?,getting_spare_card
i got charged a service fee on my account. can it be waived since i didn't know about it before?,card_payment_fee_charged
there was a transaction this morning that i'd like to reverse.,cancel_transfer
"where can i find out the fee structure for my account? i have been charged fees for some transactions, but not for other ones. i can't find a pattern in these fees.",card_payment_fee_charged
"const sum = numbers.reduce((acc, num) => acc + num, 0);",beneficiary_not_allowed
i can't get my google pay top to work. are there any issues on your end?,apple_pay_or_google_pay
how do i get a spare card?,getting_spare_card
i want to cancel a transaction from this morning.,cancel_transfer
why didn't my transfer to a beneficiary go through?,beneficiary_not_allowed
why is there a charged fee for debit or credit card payment?,card_payment_fee_charged
"hi, i made a transfer yesterday that i need to reverse.  i need to put the money in a different account.",cancel_transfer
i need urgent help. i realize i sent my payment to the wrong account number. i made a typo. please cancel the transfer immediately. i cannot do anything from the app.,cancel_transfer
i would like to use one of my cards for a family member. is that allowed?,getting_spare_card
how do i cancel a transaction?,cancel_transfer
is it possible to use my apple watch for topping up?,apple_pay_or_google_pay
what are the cards and currencies that you support?,supported_cards_and_currencies
will you guys do visa or mastercard?,visa_or_mastercard
i was recently mugged and would like to know if i have to have access to the app to use your services and how i would go about setting up your services on a new device belonging to a current user?,lost_or_stolen_phone
"there was an extra fee when i paid with my card, why was i charged this extra fee?",card_payment_fee_charged
are there any specific cash machines that i have to go to in order to change my pin?,change_pin
do you charge extra for duplicate cards?,getting_spare_card
i have one other credit card from the us. do you take it?,supported_cards_and_currencies
how do i change my card pin?,change_pin
it shows that the transfer on my account wasn't allowed.,beneficiary_not_allowed
i left my phone at the hotel i was staying at so i can't use the app!,lost_or_stolen_phone
what should i do once my card expires?,card_about_to_expire
what happens when a beneficiary can't receive my transfer?,beneficiary_not_allowed
what is the charge for paying with my card?,card_payment_fee_charged
where can i update my pin number?,change_pin
i would like to cancel a transfer,cancel_transfer
do i have an option between visa and mastercard?,visa_or_mastercard
why was i charged an extra fee when paying with card?,card_payment_fee_charged
what do i have to do to change my pin?,change_pin
let me know when applying extra charges for payments. i just checked the app and saw a fee that i wasn't warned about.,card_payment_fee_charged
what are the currencies that are accepted to add money?,supported_cards_and_currencies
can i use my apple watch to top up?,apple_pay_or_google_pay
please help!  the app won't let me cancel a money transfer.  i accidently sent money to an account that wasn't mine.  i need this cancelled immediately.,cancel_transfer
if i can't choose my card type will i be able to use it everywhere?,visa_or_mastercard
i wish to use my american express to put funds into my account.,supported_cards_and_currencies
can i change my pin in austria?,change_pin
which countries can i change my pin in?,change_pin
is there a  way to  get around fees,card_payment_fee_charged
do i have a visa card as an option?,visa_or_mastercard
how many cards am i allowed?,getting_spare_card
i can't get google pay to work right.,apple_pay_or_google_pay
"i need to top up, can i use google pay?",apple_pay_or_google_pay
i just saw a fee on my account. when do these get charged?,card_payment_fee_charged
"i have to transfer money over to my mother, and i have tried numerous times and all that keeps happening is error messages.",beneficiary_not_allowed
i am having trouble transferring money to a beneficiery.,beneficiary_not_allowed
i tried to transfer funds to a beneficiary and was denied. can you tell me why?,beneficiary_not_allowed
what are the acceptable currencies for adding funds?,supported_cards_and_currencies
what is the extra fee that showed up on my card?,card_payment_fee_charged
may i order another card?,getting_spare_card
am i able to stop a transfer?,cancel_transfer
my transaction from earlier needs to be reversed.,cancel_transfer
are new cards available from china?,card_about_to_expire
please tell me how to change my pin.,change_pin
i got charged for with a fee for paying with my card.,card_payment_fee_charged
how come i was charged an extra fee when paying with the card?,card_payment_fee_charged
what are the fees imposed when i make a transaction?,card_payment_fee_charged
i'd like to apply for a visa card.,visa_or_mastercard
i wasn't able to do a transfer to an account,beneficiary_not_allowed
i'd prefer a mastercard.,visa_or_mastercard
are cards from the us accepted?,supported_cards_and_currencies
"i received my american express in apple pay, why is top up not working?",apple_pay_or_google_pay
i really was trying to complete this exhange. i was trying to purchase some crypto but the app won't allow me to do it. can you tell me what's going on here?,beneficiary_not_allowed
why do i see extra charges for withdrawing my money?,card_payment_fee_charged
how did the extra charge on my card come in effect?,card_payment_fee_charged
can i use a visa or mastercard?,visa_or_mastercard
i want a mastercard,visa_or_mastercard
my account did not allow the transfer.,beneficiary_not_allowed
i wanted to know why i got an additional fee when i use my card.,card_payment_fee_charged
why is top up not working if i use my american express with my apple pay?,apple_pay_or_google_pay
how do i find my new pin?,visa_or_mastercard
what is the process to get a new card when your old one expires?,card_about_to_expire
"i am looking to get a visa credit card, what must i do to achieve this?",visa_or_mastercard
could i get a mastercard if that's reasonable?,visa_or_mastercard
how do i know when my card will expire?,card_about_to_expire
if my card becomes expired what can i do?,card_about_to_expire
cancel transaction,cancel_transfer
my money didnt go through after i transferred.,beneficiary_not_allowed
"my bag was stolen from me yesterday, so i can't use any apps or anything. i need some help.",lost_or_stolen_phone
why is my payment still pending?,lost_or_stolen_phone
what kinds of cards can i use to top up?,supported_cards_and_currencies
is it possible to cancel a transaction?,cancel_transfer
please inform me how to get a new card as mine is about to expire.,card_about_to_expire
could i get a mastercard and visa from you?,visa_or_mastercard
how can i change my pin without going to the bank?,change_pin
why has my beneficiary been denied?,beneficiary_not_allowed
do you know how to change my card pin?,change_pin
i want to get a visa card,visa_or_mastercard
i want to revert this mornings transaction.,cancel_transfer
can i change my pin abroad?,change_pin
i need a new card before it expires.,card_about_to_expire
i'd like to provide my daughter with a card - could i get an additional card from my account to give her?,getting_spare_card
can you explain why i was charged extra when i used the card?,card_payment_fee_charged
what are my payment options?,supported_cards_and_currencies
how do i top up using my apple watch?,apple_pay_or_google_pay
what steps do i need to get another card?,getting_spare_card
can another family member hold a card for this account in addition to mine?,getting_spare_card
i can't find my phone; what can i do to prevent someone from accessing my account on it?,lost_or_stolen_phone
i wish to cancel a transfer,cancel_transfer
can i reset my pin?,change_pin
what are the currencies and cards that are supported with my account?,supported_cards_and_currencies
"i tried to top up, but the funds show up as pending. i thought it was instant?",cancel_transfer
does google play offer the service to top up?,apple_pay_or_google_pay
a transfer to my account was denied.,beneficiary_not_allowed
mastercard is my preferred company.,visa_or_mastercard
is it possible to order another card?,getting_spare_card
how do i replace my card?,card_about_to_expire
where do i go to cancel a transaction?,cancel_transfer
636C65616E6C616220697320617765736F6D6521,cancel_transfer
what currencies can be used for top up?,supported_cards_and_currencies
can you assist on apple watch top ups?,apple_pay_or_google_pay
do i have to go into the bank to change my pin?,change_pin
how can get a visa card?,visa_or_mastercard
is it possible to access my phone from the hotel/,lost_or_stolen_phone
what currencies and cards do you support?,supported_cards_and_currencies
why was i charged extra using my card?,card_payment_fee_charged
do i have to pick a creditcard brand?,visa_or_mastercard
if i want to can i set up a new pin?,change_pin
why is my beneficiary not being allowed to get payment services?,beneficiary_not_allowed
"i am having a slight problem with my american express in apple play, can you help me fix the problem with top up?",apple_pay_or_google_pay
how can i top up my account and which currency can i use?,supported_cards_and_currencies
i am trying  to  transfer and  it has been  stopped why is  that,beneficiary_not_allowed
do you know how i can verify that i did a top-up to my card?,supported_cards_and_currencies
i am on vacation in spain and need to change my pin.,change_pin
i cannot make a transfer to another account.,beneficiary_not_allowed
why did i get charged more for using my card?,card_payment_fee_charged
i would like to know if i can top up with google pay.,apple_pay_or_google_pay
how can i revert a transaction from this morning?,cancel_transfer
i was charged a hidden fee when i paid with card.,card_payment_fee_charged
does it cost much or take long to get a new card? mine is about to expire.,card_about_to_expire
my card is almost expired.  how fast will i get a new one and what is the cost?,card_about_to_expire
what are these fees i am paying?,card_payment_fee_charged
"if i want to topup by card, how do i do it?",supported_cards_and_currencies
why am i getting charged more for using my card?,card_payment_fee_charged
why and i being charged this fee?,card_payment_fee_charged
hello i have lost my phone and i'm worried someone's going to steal money from me,lost_or_stolen_phone
"phone is gone, dont want others to access account information",lost_or_stolen_phone
"i want to top up by using a credit card, which ones do you support?",supported_cards_and_currencies
"i made a mistake of transferring, can i cancel my previous transfer?",cancel_transfer
is it possible to have a second card?,getting_spare_card
you advertise no fee when paying with a card then my statement shows a fee.,card_payment_fee_charged
tell me why there is a fee for a card payment.,card_payment_fee_charged
can i keep using my card after it expires?,card_about_to_expire
why was my transaction charged an extra fee when paying with my card?,card_payment_fee_charged
i only have a card from the us is that okay?,supported_cards_and_currencies
is there something wrong with the transferring functions? i keep trying to transfer funds and only get an error message.,beneficiary_not_allowed
what cards and currencies can i use?,supported_cards_and_currencies
changing my pin,change_pin
what should i do if i lost my phone?,lost_or_stolen_phone
i noticed an extra fee when i paid with my card.,card_payment_fee_charged
which currencies do you accept for adding money?,supported_cards_and_currencies
why am i getting a fee on a card payment?,card_payment_fee_charged
let me know when you charge for payments. i just checked the app and saw a fee that i wasn't warned about.,card_payment_fee_charged
